{
  "metadata": {
    "url": "https://espndeportes.espn.com/mma/fightcenter/_/id/600051448/liga/ufc",
    "fecha": "2025-03-23T00:11:16.590Z",
    "eventId": 600051448
  },
  "principales": [
    {
      "titulo": "Peso Mediano - Evento principal",
      "estado": "post",
      "peleadores": {
        "izquierda": {
          "nombre": "Marvin Vettori",
          "country": "Italia",
          "headImg": "images/head/marvin-vettori.png",
          "bodyImg": "images/body/marvin-vettori.png",
          "bandera": "images/banderas/italia.png",
          "esGanador": false,
          "gender": "male"
        },
        "derecha": {
          "nombre": "Roman Dolidze",
          "country": "Georgia",
          "headImg": "images/head/roman-dolidze.png",
          "bodyImg": "images/body/roman-dolidze.png",
          "bandera": "images/banderas/georgia.png",
          "esGanador": true,
          "gender": "male"
        }
      },
      "resultado": "46-49 | 46-49 | 46-49",
      "statsPelea": {
        "izquierda": {
          "kd": "0",
          "totalGolpes": "112/221",
          "golpesSignificativos": "111/220",
          "cabeza": "72/173",
          "cuerpo": "8/11",
          "piernas": "31/36",
          "control": "0:00",
          "derribos": "0/0",
          "sumisiones": "0"
        },
        "derecha": {
          "kd": "0",
          "totalGolpes": "141/340",
          "golpesSignificativos": "141/338",
          "cabeza": "85/253",
          "cuerpo": "20/36",
          "piernas": "36/49",
          "control": "0:15",
          "derribos": "0/1",
          "sumisiones": "0"
        }
      }
    },
    {
      "titulo": "Peso Welter",
      "estado": "post",
      "peleadores": {
        "izquierda": {
          "nombre": "Chidi Njokuani",
          "country": "USA",
          "headImg": "images/head/chidi-njokuani.png",
          "bodyImg": "images/body/chidi-njokuani.png",
          "bandera": "images/banderas/usa.png",
          "esGanador": true,
          "gender": "male"
        },
        "derecha": {
          "nombre": "Elizeu Zaleski dos Santos",
          "country": "Brasil",
          "headImg": "images/head/elizeu-zaleski-dos-santos.png",
          "bodyImg": "images/body/elizeu-zaleski-dos-santos.png",
          "bandera": "images/banderas/brasil.png",
          "esGanador": false,
          "gender": "male"
        }
      },
      "resultado": "Victoria por Knee",
      "statsPelea": {
        "izquierda": {
          "kd": "1",
          "totalGolpes": "46/88",
          "golpesSignificativos": "46/87",
          "cabeza": "17/38",
          "cuerpo": "16/32",
          "piernas": "13/17",
          "control": "0:10",
          "derribos": "0/0",
          "sumisiones": "0"
        },
        "derecha": {
          "kd": "0",
          "totalGolpes": "19/54",
          "golpesSignificativos": "17/49",
          "cabeza": "5/28",
          "cuerpo": "2/5",
          "piernas": "10/16",
          "control": "1:14",
          "derribos": "1/5",
          "sumisiones": "0"
        }
      }
    },
    {
      "titulo": "Peso Ligero",
      "estado": "post",
      "peleadores": {
        "izquierda": {
          "nombre": "Alexander Hernandez",
          "country": "USA",
          "headImg": "images/head/alexander-hernandez.png",
          "bodyImg": "images/body/alexander-hernandez.png",
          "bandera": "images/banderas/usa.png",
          "esGanador": true,
          "gender": "male"
        },
        "derecha": {
          "nombre": "Kurt Holobaugh",
          "country": "USA",
          "headImg": "images/head/kurt-holobaugh.png",
          "bodyImg": "images/body/kurt-holobaugh.png",
          "bandera": "images/banderas/usa.png",
          "esGanador": false,
          "gender": "male"
        }
      },
      "resultado": "30-27 | 29-28 | 29-28",
      "statsPelea": {
        "izquierda": {
          "kd": "0",
          "totalGolpes": "87/186",
          "golpesSignificativos": "59/149",
          "cabeza": "36/117",
          "cuerpo": "10/15",
          "piernas": "13/17",
          "control": "6:39",
          "derribos": "4/5",
          "sumisiones": "0"
        },
        "derecha": {
          "kd": "0",
          "totalGolpes": "106/215",
          "golpesSignificativos": "71/171",
          "cabeza": "39/122",
          "cuerpo": "21/35",
          "piernas": "11/14",
          "control": "0:32",
          "derribos": "0/0",
          "sumisiones": "1"
        }
      }
    },
    {
      "titulo": "Peso Gallo",
      "estado": "post",
      "peleadores": {
        "izquierda": {
          "nombre": "Da'Mon Blackshear",
          "country": "USA",
          "headImg": "images/head/damon-blackshear.png",
          "bodyImg": "images/body/damon-blackshear.png",
          "bandera": "images/banderas/usa.png",
          "esGanador": true,
          "gender": "male"
        },
        "derecha": {
          "nombre": "Cody Gibson",
          "country": "USA",
          "headImg": "images/head/cody-gibson.png",
          "bodyImg": "images/body/cody-gibson.png",
          "bandera": "images/banderas/usa.png",
          "esGanador": false,
          "gender": "male"
        }
      },
      "resultado": "Victoria por Kimura",
      "statsPelea": {
        "izquierda": {
          "kd": "0",
          "totalGolpes": "46/74",
          "golpesSignificativos": "13/39",
          "cabeza": "11/35",
          "cuerpo": "2/4",
          "piernas": "0/0",
          "control": "3:32",
          "derribos": "0/1",
          "sumisiones": "3"
        },
        "derecha": {
          "kd": "0",
          "totalGolpes": "53/82",
          "golpesSignificativos": "45/71",
          "cabeza": "23/47",
          "cuerpo": "12/14",
          "piernas": "10/10",
          "control": "2:42",
          "derribos": "1/5",
          "sumisiones": "0"
        }
      }
    },
    {
      "titulo": "Peso semi-pesado",
      "estado": "post",
      "peleadores": {
        "izquierda": {
          "nombre": "Diyar Nurgozhay",
          "country": "Kazajistán",
          "headImg": "images/head/diyar-nurgozhay.png",
          "bodyImg": "images/body/diyar-nurgozhay.png",
          "bandera": "images/banderas/kazajistan.png",
          "esGanador": false,
          "gender": "male"
        },
        "derecha": {
          "nombre": "Brendson Ribeiro",
          "country": "Brasil",
          "headImg": "images/head/brendson-ribeiro.png",
          "bodyImg": "images/body/brendson-ribeiro.png",
          "bandera": "images/banderas/brasil.png",
          "esGanador": true,
          "gender": "male"
        }
      },
      "resultado": "Victoria por Kimura",
      "statsPelea": {
        "izquierda": {
          "kd": "0",
          "totalGolpes": "20/42",
          "golpesSignificativos": "17/39",
          "cabeza": "5/21",
          "cuerpo": "7/13",
          "piernas": "5/5",
          "control": "0:49",
          "derribos": "2/2",
          "sumisiones": "0"
        },
        "derecha": {
          "kd": "1",
          "totalGolpes": "29/60",
          "golpesSignificativos": "28/58",
          "cabeza": "13/35",
          "cuerpo": "5/10",
          "piernas": "10/13",
          "control": "0:14",
          "derribos": "0/1",
          "sumisiones": "1"
        }
      }
    },
    {
      "titulo": "Peso Pluma",
      "estado": "post",
      "peleadores": {
        "izquierda": {
          "nombre": "SeungWoo Choi",
          "country": "Corea",
          "headImg": "images/head/seungwoo-choi.png",
          "bodyImg": "images/body/seungwoo-choi.png",
          "bandera": "images/banderas/corea.png",
          "esGanador": false,
          "gender": "male"
        },
        "derecha": {
          "nombre": "Kevin Vallejos",
          "country": "Argentina",
          "headImg": "images/head/kevin-vallejos.png",
          "bodyImg": "images/body/kevin-vallejos.png",
          "bandera": "images/banderas/argentina.png",
          "esGanador": true,
          "gender": "male"
        }
      },
      "resultado": "Victoria por Golpes",
      "statsPelea": {
        "izquierda": {
          "kd": "0",
          "totalGolpes": "16/44",
          "golpesSignificativos": "16/44",
          "cabeza": "4/20",
          "cuerpo": "1/8",
          "piernas": "11/16",
          "control": "0:00",
          "derribos": "0/0",
          "sumisiones": "0"
        },
        "derecha": {
          "kd": "1",
          "totalGolpes": "26/39",
          "golpesSignificativos": "14/27",
          "cabeza": "4/12",
          "cuerpo": "3/6",
          "piernas": "7/9",
          "control": "0:05",
          "derribos": "0/0",
          "sumisiones": "0"
        }
      }
    }
  ],
  "preliminares": [
    {
      "titulo": "Peso completo",
      "estado": "post",
      "peleadores": {
        "izquierda": {
          "nombre": "Waldo Cortes-Acosta",
          "country": "República Dominicana",
          "headImg": "images/head/waldo-cortesacosta.png",
          "bodyImg": "images/body/waldo-cortesacosta.png",
          "bandera": "images/banderas/republica-dominicana.png",
          "esGanador": true,
          "gender": "male"
        },
        "derecha": {
          "nombre": "Ryan Spann",
          "country": "USA",
          "headImg": "images/head/ryan-spann.png",
          "bodyImg": "images/body/ryan-spann.png",
          "bandera": "images/banderas/usa.png",
          "esGanador": false,
          "gender": "male"
        }
      },
      "resultado": "Victoria por Golpes",
      "statsPelea": {
        "izquierda": {
          "kd": "1",
          "totalGolpes": "77/123",
          "golpesSignificativos": "66/111",
          "cabeza": "56/97",
          "cuerpo": "4/6",
          "piernas": "6/8",
          "control": "0:57",
          "derribos": "0/1",
          "sumisiones": "0"
        },
        "derecha": {
          "kd": "0",
          "totalGolpes": "24/87",
          "golpesSignificativos": "23/86",
          "cabeza": "11/70",
          "cuerpo": "5/9",
          "piernas": "7/7",
          "control": "0:05",
          "derribos": "0/2",
          "sumisiones": "0"
        }
      }
    },
    {
      "titulo": "Peso Gallo",
      "estado": "post",
      "peleadores": {
        "izquierda": {
          "nombre": "SuYoung You",
          "country": "Corea",
          "headImg": "images/head/suyoung-you.png",
          "bodyImg": "images/body/suyoung-you.png",
          "bandera": "images/banderas/corea.png",
          "esGanador": true,
          "gender": "male"
        },
        "derecha": {
          "nombre": "AJ Cunningham",
          "country": "USA",
          "headImg": "images/head/aj-cunningham.png",
          "bodyImg": "images/body/aj-cunningham.png",
          "bandera": "images/banderas/usa.png",
          "esGanador": false,
          "gender": "male"
        }
      },
      "resultado": "30-27 | 30-27 | 30-27",
      "statsPelea": {
        "izquierda": {
          "kd": "0",
          "totalGolpes": "77/96",
          "golpesSignificativos": "18/32",
          "cabeza": "8/21",
          "cuerpo": "5/5",
          "piernas": "5/6",
          "control": "7:54",
          "derribos": "5/10",
          "sumisiones": "1"
        },
        "derecha": {
          "kd": "0",
          "totalGolpes": "19/55",
          "golpesSignificativos": "16/52",
          "cabeza": "11/45",
          "cuerpo": "1/1",
          "piernas": "4/6",
          "control": "0:00",
          "derribos": "0/0",
          "sumisiones": "1"
        }
      }
    },
    {
      "titulo": "Peso Gallo",
      "estado": "post",
      "peleadores": {
        "izquierda": {
          "nombre": "Carlos Vera",
          "country": "Ecuador",
          "headImg": "images/head/carlos-vera.png",
          "bodyImg": "images/body/carlos-vera.png",
          "bandera": "images/banderas/ecuador.png",
          "esGanador": true,
          "gender": "male"
        },
        "derecha": {
          "nombre": "Josias Musasa",
          "country": "Democratic Republic of Congo",
          "headImg": "images/head/josias-musasa.png",
          "bodyImg": "images/body/josias-musasa.png",
          "bandera": "images/banderas/democratic-republic-of-congo.png",
          "esGanador": false,
          "gender": "male"
        }
      },
      "resultado": "Victoria por Estrangulación mataleón",
      "statsPelea": {
        "izquierda": {
          "kd": "1",
          "totalGolpes": "18/26",
          "golpesSignificativos": "16/24",
          "cabeza": "3/10",
          "cuerpo": "3/3",
          "piernas": "10/11",
          "control": "0:14",
          "derribos": "0/2",
          "sumisiones": "2"
        },
        "derecha": {
          "kd": "0",
          "totalGolpes": "13/31",
          "golpesSignificativos": "13/31",
          "cabeza": "3/13",
          "cuerpo": "0/2",
          "piernas": "10/16",
          "control": "0:10",
          "derribos": "0/1",
          "sumisiones": "0"
        }
      }
    },
    {
      "titulo": "Peso paja fem.",
      "estado": "post",
      "peleadores": {
        "izquierda": {
          "nombre": "Stephanie Luciano",
          "country": "Brasil",
          "headImg": "images/head/stephanie-luciano.png",
          "bodyImg": "images/body/stephanie-luciano.png",
          "bandera": "images/banderas/brasil.png",
          "esGanador": false,
          "gender": "female"
        },
        "derecha": {
          "nombre": "Sam Hughes",
          "country": "USA",
          "headImg": "images/head/sam-hughes.png",
          "bodyImg": "images/body/sam-hughes.png",
          "bandera": "images/banderas/usa.png",
          "esGanador": true,
          "gender": "female"
        }
      },
      "resultado": "28-29 | 29-28 | 27-29",
      "statsPelea": {
        "izquierda": {
          "kd": "0",
          "totalGolpes": "101/273",
          "golpesSignificativos": "82/251",
          "cabeza": "45/202",
          "cuerpo": "23/34",
          "piernas": "14/15",
          "control": "1:15",
          "derribos": "1/2",
          "sumisiones": "0"
        },
        "derecha": {
          "kd": "0",
          "totalGolpes": "146/233",
          "golpesSignificativos": "76/152",
          "cabeza": "43/113",
          "cuerpo": "15/20",
          "piernas": "18/19",
          "control": "4:21",
          "derribos": "3/8",
          "sumisiones": "1"
        }
      }
    },
    {
      "titulo": "Peso Mosca",
      "estado": "post",
      "peleadores": {
        "izquierda": {
          "nombre": "Daniel Barez",
          "country": "España",
          "headImg": "images/head/daniel-barez.png",
          "bodyImg": "images/body/daniel-barez.png",
          "bandera": "images/banderas/espana.png",
          "esGanador": false,
          "gender": "male"
        },
        "derecha": {
          "nombre": "Andre Lima",
          "country": "Brasil",
          "headImg": "images/head/andre-lima.png",
          "bodyImg": "images/body/andre-lima.png",
          "bandera": "images/banderas/brasil.png",
          "esGanador": true,
          "gender": "male"
        }
      },
      "resultado": "Victoria por Estrangulación mataleón",
      "statsPelea": {
        "izquierda": {
          "kd": "0",
          "totalGolpes": "34/80",
          "golpesSignificativos": "33/79",
          "cabeza": "21/66",
          "cuerpo": "8/9",
          "piernas": "4/4",
          "control": "0:17",
          "derribos": "1/5",
          "sumisiones": "0"
        },
        "derecha": {
          "kd": "0",
          "totalGolpes": "161/220",
          "golpesSignificativos": "108/159",
          "cabeza": "59/99",
          "cuerpo": "23/27",
          "piernas": "26/33",
          "control": "4:50",
          "derribos": "2/2",
          "sumisiones": "1"
        }
      }
    },
    {
      "titulo": "Peso Gallo fem.",
      "estado": "post",
      "peleadores": {
        "izquierda": {
          "nombre": "Josiane Nunes",
          "country": "Brasil",
          "headImg": "images/head/josiane-nunes.png",
          "bodyImg": "images/body/josiane-nunes.png",
          "bandera": "images/banderas/brasil.png",
          "esGanador": false,
          "gender": "female"
        },
        "derecha": {
          "nombre": "Priscila Cachoeira",
          "country": "Brasil",
          "headImg": "images/head/priscila-cachoeira.png",
          "bodyImg": "images/body/priscila-cachoeira.png",
          "bandera": "images/banderas/brasil.png",
          "esGanador": true,
          "gender": "female"
        }
      },
      "resultado": "Victoria por Golpe",
      "statsPelea": {
        "izquierda": {
          "kd": "0",
          "totalGolpes": "31/67",
          "golpesSignificativos": "31/67",
          "cabeza": "17/49",
          "cuerpo": "7/11",
          "piernas": "7/7",
          "control": "0:00",
          "derribos": "0/1",
          "sumisiones": "0"
        },
        "derecha": {
          "kd": "1",
          "totalGolpes": "39/78",
          "golpesSignificativos": "37/76",
          "cabeza": "31/70",
          "cuerpo": "4/4",
          "piernas": "2/2",
          "control": "0:02",
          "derribos": "0/0",
          "sumisiones": "0"
        }
      }
    },
    {
      "titulo": "Peso Mosca Fem.",
      "estado": "post",
      "peleadores": {
        "izquierda": {
          "nombre": "Yuneisy Duben",
          "country": "Venezuela",
          "headImg": "images/head/yuneisy-duben.png",
          "bodyImg": "images/body/yuneisy-duben.png",
          "bandera": "images/banderas/venezuela.png",
          "esGanador": false,
          "gender": "female"
        },
        "derecha": {
          "nombre": "Carli Judice",
          "country": "USA",
          "headImg": "images/head/carli-judice.png",
          "bodyImg": "images/body/carli-judice.png",
          "bandera": "images/banderas/usa.png",
          "esGanador": true,
          "gender": "female"
        }
      },
      "resultado": "Victoria por Patada",
      "statsPelea": {
        "izquierda": {
          "kd": "0",
          "totalGolpes": "14/41",
          "golpesSignificativos": "14/41",
          "cabeza": "8/32",
          "cuerpo": "0/0",
          "piernas": "6/9",
          "control": "0:00",
          "derribos": "0/0",
          "sumisiones": "0"
        },
        "derecha": {
          "kd": "1",
          "totalGolpes": "19/45",
          "golpesSignificativos": "17/43",
          "cabeza": "12/34",
          "cuerpo": "5/9",
          "piernas": "0/0",
          "control": "0:02",
          "derribos": "0/0",
          "sumisiones": "0"
        }
      }
    }
  ]
}